{".\\bc_77_excluding_shading.json": {"day values": {"median": -4.096, "q1": -5.50625, "q3": -2.29575}, "energy values": {"median": -221622.8655, "q1": -366002.49025000003, "q3": -85691.58674999999}, "night values": {"median": 2.449, "q1": 1.353, "q3": 3.408}, "weekly values": {"day medians": [-0.321, -1.652, -2.373, -1.959, -2.2039999999999997, -2.45, -2.755, -3.4975, -3.9345, -4.8525, -4.800000000000001, -5.426, -4.5425, -4.9985, -6.2465, -5.9355, -5.716, -6.266, -5.596, -6.2295, -4.916, -5.719, -5.717499999999999, -6.351, -6.4145, -5.0205, -5.145, -5.317500000000001, -6.209, -5.316000000000001, -4.7940000000000005, -6.609, -4.896, -4.640499999999999, -5.084, -4.9035, -3.6995, -4.241, -3.3385, -4.1265, -3.4535, -3.5484999999999998, -3.293, -2.1145, -2.5465, -1.65, -1.228, -1.1945000000000001, -1.2574999999999998, -1.124, -1.646, -1.847], "night medians": [0.5625, -0.157, -0.20750000000000002, -0.5255000000000001, -0.1545, 0.2885, 0.0625, 0.20350000000000001, 0.0955, 0.475, 0.4975, 0.5754999999999999, 0.7135, 0.749, 0.289, 1.2255, 1.5405, 0.691, 1.4205, 1.3355000000000001, 1.5335, 1.2515, 1.3585, 1.4264999999999999, 1.456, 1.803, 1.58, 1.4260000000000002, 1.2285, 1.7165, 1.5554999999999999, 1.5045, 1.801, 1.358, 1.8135, 1.35, 1.7770000000000001, 0.966, 1.264, 0.5065, 0.916, 0.4895, -0.068, 0.612, 0.2695, 0.159, 0.3425, -0.2475, -0.23049999999999998, -0.533, -0.5065, -0.4445]}}, ".\\bc_77_including_rc_9.json": {"day values": {"median": -2.132, "q1": -3.266, "q3": -0.922}, "energy values": {"median": -240678.0525, "q1": -377616.05625, "q3": -124682.6075}, "night values": {"median": 1.631, "q1": 0.784, "q3": 2.434}, "weekly values": {"day medians": [0.7235, -0.398, -1.033, -0.63, -0.9415, -1.321, -1.216, -1.6835, -1.987, -2.872, -2.6094999999999997, -3.269, -2.827, -2.6435, -3.7880000000000003, -3.6645000000000003, -2.7915, -3.5225, -3.1965000000000003, -3.6965000000000003, -2.959, -3.4195, -3.763, -4.2509999999999994, -4.256, -3.2395, -3.5389999999999997, -3.3095, -3.666, -2.417, -2.5970000000000004, -3.528, -2.3765, -2.4475, -2.714, -2.6075, -1.653, -2.1335, -1.73, -2.5575, -1.664, -1.7765, -1.686, -0.9385, -1.2730000000000001, -0.4995, -0.295, -0.157, -0.382, -0.1495, -0.86, -0.9544999999999999], "night medians": [0.5385, -0.3165, -0.21150000000000002, -0.598, -0.34950000000000003, -0.1525, -0.1265, 0.020499999999999997, -0.07350000000000001, -0.08249999999999999, 0.34199999999999997, 0.28, 0.3145, 0.1845, -0.0535, 0.5934999999999999, 0.905, 0.186, 0.674, 0.8414999999999999, 1.0345, 0.891, 0.929, 1.0945, 1.1375, 1.3695, 1.1355, 1.1305, 0.957, 1.0245, 0.964, 1.0915, 1.1604999999999999, 0.8935, 0.9915, 0.829, 1.248, 0.5085, 0.9675, 0.1255, 0.6005, -0.035500000000000004, -0.2425, 0.256, -0.0305, -0.1415, 0.0385, -0.34750000000000003, -0.311, -0.5905, -0.65, -0.596]}}, ".\\bc_77_including_shading.json": {"day values": {"median": -4.088, "q1": -5.553, "q3": -2.19175}, "energy values": {"median": -224590.7715, "q1": -369208.99375, "q3": -88853.36775}, "night values": {"median": 2.399, "q1": 1.267, "q3": 3.367}, "weekly values": {"day medians": [-0.1225, -1.3824999999999998, -2.1555, -1.7160000000000002, -2.0140000000000002, -2.447, -2.6675, -3.4065000000000003, -3.9325, -5.031000000000001, -4.833, -5.4725, -4.6185, -5.031499999999999, -6.3115000000000006, -5.9925, -5.791, -6.322, -5.602, -6.2765, -4.9305, -5.7615, -5.775, -6.3505, -6.452500000000001, -5.055999999999999, -5.1945, -5.351, -6.24, -5.321, -4.839, -6.6495, -4.958, -4.7295, -5.12, -4.9825, -3.8055000000000003, -4.301, -3.3865, -4.182, -3.496, -3.4915000000000003, -3.1025, -2.085, -2.3555, -1.4555, -1.0259999999999998, -1.06, -1.0390000000000001, -0.9235, -1.521, -1.6155], "night medians": [0.563, -0.3355, -0.1905, -0.5175000000000001, -0.138, 0.052500000000000005, 0.0545, 0.2005, 0.0925, 0.4515, 0.483, 0.5505, 0.688, 0.737, 0.274, 1.1955, 1.5070000000000001, 0.6705000000000001, 1.4020000000000001, 1.3245, 1.5245, 1.2445, 1.3475000000000001, 1.4224999999999999, 1.4525000000000001, 1.795, 1.5735000000000001, 1.4260000000000002, 1.23, 1.705, 1.551, 1.4975, 1.779, 1.3490000000000002, 1.783, 1.3315000000000001, 1.75, 0.952, 1.2515, 0.47350000000000003, 0.899, 0.474, -0.094, 0.5734999999999999, 0.23149999999999998, 0.1, 0.3105, -0.244, -0.217, -0.543, -0.5445, -0.5095000000000001]}}, ".\\bc_77_including_shading_full.json": {"day values": {"median": -1.568, "q1": -2.35325, "q3": -0.76}, "energy values": {"median": -282490.86049999995, "q1": -409568.37, "q3": -169922.40275}, "night values": {"median": 1.13, "q1": 0.564, "q3": 1.647}, "weekly values": {"day medians": [0.7235, -0.3985, -1.024, -0.595, -0.82, -1.12, -1.0514999999999999, -1.3145, -1.5615, -2.1375, -1.9969999999999999, -2.4125, -1.8885, -1.649, -2.7675, -2.837, -1.5670000000000002, -2.4800000000000004, -2.2640000000000002, -2.3125, -2.0145, -1.999, -2.3445, -2.513, -2.512, -2.0075000000000003, -2.4025, -2.0155000000000003, -2.183, -1.573, -2.0765000000000002, -3.0865, -1.8075, -1.721, -2.0679999999999996, -1.854, -1.3605, -1.5635, -1.184, -2.082, -1.233, -1.4315, -1.3355000000000001, -0.695, -1.2145000000000001, -0.482, -0.423, -0.1325, -0.3805, -0.148, -0.859, -0.9544999999999999], "night medians": [0.5385, -0.3165, -0.21200000000000002, -0.5994999999999999, -0.35650000000000004, -0.1475, -0.1675, -0.11649999999999999, -0.3895, -0.087, 0.2685, 0.244, 0.2325, 0.197, -0.123, 0.4445, 0.5734999999999999, 0.0785, 0.285, 0.477, 0.483, 0.437, 0.1975, 0.649, 0.7715000000000001, 0.4885, 0.4115, 0.637, 0.7215, 0.351, 0.7044999999999999, 0.8185, 0.859, 0.5425, 0.525, 0.5335000000000001, 0.8835, 0.3265, 0.83, 0.0635, 0.4815, -0.20400000000000001, -0.2705, 0.2185, -0.1265, -0.1925, -0.028999999999999998, -0.34099999999999997, -0.3095, -0.59, -0.649, -0.596]}}}