{"Annual day": {"median": -0.686, "q1": -0.926, "q3": -0.461}, "Annual night": {"median": 0.385, "q1": 0.271, "q3": 0.613}, "January day": {"median": -0.4755, "q1": -0.6705000000000001, "q3": -0.325}, "January night": {"median": -0.1105, "q1": -0.1585, "q3": -0.0765}, "Feburary day": {"median": -0.7464999999999999, "q1": -1.0215, "q3": -0.516}, "Feburary night": {"median": 0.065, "q1": 0.03, "q3": 0.1105}, "March day": {"median": -1.0554999999999999, "q1": -1.504, "q3": -0.737}, "March night": {"median": 0.289, "q1": 0.1645, "q3": 0.464}, "April day": {"median": -1.074, "q1": -1.57, "q3": -0.728}, "April night": {"median": 0.569, "q1": 0.382, "q3": 0.8585}, "May day": {"median": -0.777, "q1": -1.1585, "q3": -0.5625}, "May night": {"median": 0.7585, "q1": 0.5005, "q3": 1.1305}, "June day": {"median": -0.812, "q1": -1.18, "q3": -0.569}, "June night": {"median": 0.809, "q1": 0.562, "q3": 1.2165}, "July day": {"median": -0.5894999999999999, "q1": -0.821, "q3": -0.4045}, "July night": {"median": 0.7855000000000001, "q1": 0.5465, "q3": 1.2000000000000002}, "August day": {"median": -0.5934999999999999, "q1": -0.84, "q3": -0.389}, "August night": {"median": 0.8465, "q1": 0.588, "q3": 1.2675}, "September day": {"median": -0.5834999999999999, "q1": -0.8075000000000001, "q3": -0.3725}, "September night": {"median": 0.65, "q1": 0.4415, "q3": 1.0179999999999998}, "October day": {"median": -0.688, "q1": -0.925, "q3": -0.4495}, "October night": {"median": 0.193, "q1": 0.116, "q3": 0.335}, "November day": {"median": -0.341, "q1": -0.476, "q3": -0.244}, "November night": {"median": 0.075, "q1": 0.035, "q3": 0.147}, "December day": {"median": -0.5555000000000001, "q1": -0.7195, "q3": -0.3595}, "December night": {"median": -0.238, "q1": -0.325, "q3": -0.16}}