{".\\rc_9_including_area_0.5.json": {"day values": {"median": -0.195, "q1": -0.301, "q3": -0.103}, "energy values": {"median": -19705.5135, "q1": -30489.01325, "q3": -10426.0785}, "night values": {"median": 0.068, "q1": -0.035, "q3": 0.164}, "weekly values": {"day medians": [-0.074, -0.169, -0.2785, -0.16, -0.168, -0.254, -0.183, -0.237, -0.287, -0.375, -0.295, -0.355, -0.288, -0.2625, -0.3885, -0.3475, -0.21, -0.291, -0.213, -0.2525, -0.11449999999999999, -0.161, -0.176, -0.2125, -0.1985, -0.0575, -0.146, -0.12, -0.1735, -0.0595, -0.083, -0.2645, -0.088, -0.109, -0.1695, -0.173, -0.08449999999999999, -0.2115, -0.1785, -0.3085, -0.2065, -0.2275, -0.198, -0.1165, -0.227, -0.125, -0.163, -0.112, -0.1785, -0.1615, -0.2495, -0.254], "night medians": [0.0555, -0.066, -0.0515, -0.113, -0.0505, -0.024, -0.013, -0.0019999999999999996, -0.0225, -0.013499999999999998, 0.055499999999999994, 0.0455, 0.054, 0.0235, -0.0125, 0.101, 0.1635, 0.0365, 0.125, 0.1535, 0.198, 0.165, 0.1665, 0.1965, 0.2065, 0.249, 0.1995, 0.1975, 0.171, 0.1875, 0.172, 0.1775, 0.2, 0.1535, 0.157, 0.135, 0.19, 0.05, 0.14, 0.0095, 0.0825, -0.0295, -0.039, 0.0435, -0.0325, -0.037000000000000005, -0.0275, -0.0625, -0.053, -0.0995, -0.1155, -0.105]}}, ".\\rc_9_including_area_1.5.json": {"day values": {"median": -0.452, "q1": -0.7, "q3": -0.239}, "energy values": {"median": -59114.556, "q1": -91466.0795, "q3": -31278.236}, "night values": {"median": 0.157, "q1": -0.082, "q3": 0.381}, "weekly values": {"day medians": [-0.1725, -0.393, -0.647, -0.3715, -0.39, -0.589, -0.426, -0.55, -0.6665000000000001, -0.8714999999999999, -0.684, -0.824, -0.669, -0.61, -0.9015, -0.8065, -0.4885, -0.676, -0.494, -0.5854999999999999, -0.2665, -0.3735, -0.4085, -0.494, -0.461, -0.133, -0.3385, -0.2785, -0.403, -0.1385, -0.1925, -0.6134999999999999, -0.204, -0.2525, -0.393, -0.4025, -0.196, -0.492, -0.4145, -0.716, -0.4795, -0.5285, -0.461, -0.2715, -0.527, -0.2905, -0.3785, -0.2605, -0.415, -0.374, -0.58, -0.5894999999999999], "night medians": [0.1295, -0.153, -0.1205, -0.2625, -0.11699999999999999, -0.057, -0.03, -0.005000000000000001, -0.0525, -0.032, 0.1295, 0.106, 0.126, 0.055, -0.0285, 0.2345, 0.3795, 0.084, 0.2905, 0.356, 0.4595, 0.383, 0.387, 0.456, 0.479, 0.578, 0.463, 0.4585, 0.397, 0.4355, 0.4, 0.4125, 0.464, 0.356, 0.364, 0.3145, 0.4415, 0.115, 0.3255, 0.0215, 0.1905, -0.068, -0.0905, 0.1, -0.0755, -0.086, -0.0635, -0.1455, -0.124, -0.23099999999999998, -0.2685, -0.244]}}, ".\\rc_9_including_area_1.json": {"day values": {"median": -0.336, "q1": -0.519, "q3": -0.178}, "energy values": {"median": -39412.753, "q1": -60977.02025, "q3": -20852.157499999998}, "night values": {"median": 0.117, "q1": -0.061, "q3": 0.283}, "weekly values": {"day medians": [-0.1275, -0.2915, -0.48, -0.276, -0.29, -0.437, -0.316, -0.4085, -0.495, -0.6465000000000001, -0.508, -0.6114999999999999, -0.4965, -0.453, -0.6695, -0.5985, -0.3625, -0.5015000000000001, -0.3665, -0.4345, -0.1975, -0.2775, -0.3035, -0.3665, -0.342, -0.0985, -0.2515, -0.2065, -0.299, -0.1025, -0.143, -0.455, -0.151, -0.1875, -0.2915, -0.2985, -0.1455, -0.365, -0.308, -0.531, -0.356, -0.392, -0.342, -0.201, -0.391, -0.2155, -0.281, -0.1935, -0.308, -0.278, -0.4305, -0.4375], "night medians": [0.096, -0.114, -0.089, -0.1945, -0.0865, -0.042, -0.0225, -0.0034999999999999996, -0.039, -0.0235, 0.096, 0.0785, 0.0935, 0.0405, -0.0215, 0.174, 0.28200000000000003, 0.0625, 0.2155, 0.264, 0.341, 0.2845, 0.287, 0.3385, 0.356, 0.429, 0.344, 0.34, 0.2945, 0.323, 0.297, 0.3055, 0.3445, 0.264, 0.27, 0.23349999999999999, 0.3275, 0.08549999999999999, 0.242, 0.0155, 0.14150000000000001, -0.0505, -0.067, 0.074, -0.056, -0.064, -0.047, -0.108, -0.092, -0.17149999999999999, -0.2, -0.181]}}, ".\\rc_9_including_area_2.json": {"day values": {"median": -0.553, "q1": -0.856, "q3": -0.293}, "energy values": {"median": -78816.3585, "q1": -121955.07525000001, "q3": -41704.31525}, "night values": {"median": 0.192, "q1": -0.101, "q3": 0.466}, "weekly values": {"day medians": [-0.2105, -0.4805, -0.791, -0.455, -0.477, -0.7204999999999999, -0.521, -0.673, -0.816, -1.0659999999999998, -0.837, -1.008, -0.8185, -0.7464999999999999, -1.103, -0.9864999999999999, -0.597, -0.8265, -0.604, -0.7164999999999999, -0.3255, -0.4565, -0.4995, -0.604, -0.564, -0.163, -0.414, -0.341, -0.493, -0.1695, -0.2355, -0.7505, -0.249, -0.309, -0.481, -0.492, -0.2395, -0.6014999999999999, -0.5075000000000001, -0.8755, -0.586, -0.6465000000000001, -0.564, -0.332, -0.645, -0.3555, -0.463, -0.3185, -0.508, -0.458, -0.7095, -0.7204999999999999], "night medians": [0.1585, -0.1875, -0.1475, -0.3205, -0.1425, -0.07, -0.037, -0.0055000000000000005, -0.064, -0.0385, 0.158, 0.1295, 0.154, 0.067, -0.035, 0.287, 0.464, 0.103, 0.3555, 0.435, 0.562, 0.469, 0.4735, 0.558, 0.586, 0.707, 0.5665, 0.5605, 0.486, 0.5325, 0.4895, 0.504, 0.568, 0.4355, 0.445, 0.3845, 0.5405, 0.141, 0.399, 0.0265, 0.23349999999999999, -0.08299999999999999, -0.1105, 0.1225, -0.0925, -0.10500000000000001, -0.0775, -0.178, -0.152, -0.28300000000000003, -0.329, -0.299]}}, ".\\rc_9_including_area_3.json": {"day values": {"median": -0.724, "q1": -1.12, "q3": -0.383}, "energy values": {"median": -118219.96299999999, "q1": -182932.7965, "q3": -62556.47275}, "night values": {"median": 0.252, "q1": -0.132, "q3": 0.61}, "weekly values": {"day medians": [-0.276, -0.6285000000000001, -1.035, -0.595, -0.625, -0.9424999999999999, -0.682, -0.8805000000000001, -1.0675, -1.395, -1.095, -1.319, -1.071, -0.977, -1.443, -1.291, -0.781, -1.081, -0.7905, -0.938, -0.426, -0.5974999999999999, -0.654, -0.7905, -0.7375, -0.213, -0.542, -0.446, -0.6445000000000001, -0.2215, -0.308, -0.982, -0.326, -0.4045, -0.6285000000000001, -0.644, -0.3135, -0.787, -0.664, -1.146, -0.767, -0.8454999999999999, -0.7375, -0.4345, -0.843, -0.465, -0.606, -0.4165, -0.664, -0.599, -0.9285000000000001, -0.9435], "night medians": [0.20700000000000002, -0.2455, -0.193, -0.4195, -0.187, -0.091, -0.0485, -0.0075000000000000015, -0.08349999999999999, -0.0505, 0.20700000000000002, 0.1695, 0.202, 0.087, -0.046, 0.376, 0.6074999999999999, 0.135, 0.4655, 0.5694999999999999, 0.735, 0.6134999999999999, 0.619, 0.73, 0.767, 0.9255, 0.741, 0.733, 0.6355, 0.697, 0.6405000000000001, 0.66, 0.743, 0.57, 0.5825, 0.5035000000000001, 0.7064999999999999, 0.1845, 0.522, 0.034, 0.3055, -0.1085, -0.1445, 0.1605, -0.121, -0.1375, -0.1015, -0.23299999999999998, -0.198, -0.37, -0.4305, -0.391]}}}