{".\\rc_9_excluding_temp_0.json": {"day values": {"median": -0.318, "q1": -0.50225, "q3": -0.134}, "energy values": {"median": -37356.491500000004, "q1": -58999.547, "q3": -15731.667000000001}, "night values": {"median": 0.215, "q1": 0.004, "q3": 0.418}, "weekly values": {"day medians": [0.0025, -0.264, -0.428, -0.23349999999999999, -0.272, -0.2625, -0.3315, -0.4255, -0.459, -0.6194999999999999, -0.525, -0.6655, -0.3375, -0.455, -0.6975, -0.544, -0.458, -0.5335000000000001, -0.3225, -0.46599999999999997, -0.10900000000000001, -0.353, -0.3085, -0.498, -0.418, -0.077, -0.1825, -0.22949999999999998, -0.47150000000000003, -0.205, -0.038000000000000006, -0.595, -0.1365, -0.193, -0.3215, -0.293, -0.081, -0.3785, -0.1825, -0.4785, -0.3115, -0.359, -0.348, -0.1065, -0.329, -0.136, -0.1305, -0.1655, -0.267, -0.23399999999999999, -0.2975, -0.3485], "night medians": [0.10250000000000001, -0.123, -0.0715, -0.1635, -0.0595, 0.0745, 0.0025, 0.069, 0.007, 0.14150000000000001, 0.1495, 0.1785, 0.219, 0.2105, 0.086, 0.3635, 0.488, 0.217, 0.4425, 0.411, 0.4805, 0.37, 0.4075, 0.429, 0.4395, 0.5345, 0.458, 0.423, 0.363, 0.5115000000000001, 0.461, 0.413, 0.5295000000000001, 0.3935, 0.4935, 0.38, 0.492, 0.2065, 0.317, 0.1145, 0.2355, 0.114, -0.0295, 0.181, 0.0405, 0.011, 0.033, -0.0815, -0.0765, -0.163, -0.163, -0.133]}}, ".\\rc_9_excluding_temp_1.json": {"day values": {"median": -0.3035, "q1": -0.487, "q3": -0.114}, "energy values": {"median": -35634.449, "q1": -57233.635, "q3": -13422.972249999999}, "night values": {"median": 0.223, "q1": 0.015, "q3": 0.428}, "weekly values": {"day medians": [0.0135, -0.25, -0.423, -0.232, -0.2405, -0.218, -0.337, -0.439, -0.449, -0.5315000000000001, -0.529, -0.6555, -0.322, -0.4405, -0.683, -0.5285, -0.4475, -0.5245, -0.317, -0.456, -0.09, -0.3395, -0.28600000000000003, -0.4885, -0.40549999999999997, -0.0625, -0.168, -0.203, -0.4395, -0.1915, -0.0165, -0.5805, -0.126, -0.176, -0.3025, -0.2785, -0.067, -0.373, -0.1635, -0.4565, -0.298, -0.3525, -0.333, -0.092, -0.321, -0.1235, -0.11649999999999999, -0.0595, -0.2635, -0.235, -0.2795, -0.322], "night medians": [0.0345, -0.0635, -0.0505, -0.134, -0.06, 0.0635, 0.031, 0.0595, -0.004, 0.144, 0.149, 0.188, 0.231, 0.2205, 0.098, 0.376, 0.496, 0.227, 0.4565, 0.423, 0.491, 0.383, 0.4205, 0.4385, 0.452, 0.5445, 0.46699999999999997, 0.4325, 0.372, 0.522, 0.4745, 0.423, 0.5395000000000001, 0.402, 0.504, 0.3905, 0.506, 0.2135, 0.329, 0.1285, 0.248, 0.1245, -0.018000000000000002, 0.195, 0.0525, 0.025500000000000002, 0.0445, 0.017, -0.0525, -0.1595, -0.154, -0.126]}}, ".\\rc_9_excluding_temp_2.json": {"day values": {"median": -0.29, "q1": -0.474, "q3": -0.1}, "energy values": {"median": -34053.816999999995, "q1": -55636.05925, "q3": -11745.77925}, "night values": {"median": 0.234, "q1": 0.03, "q3": 0.44}, "weekly values": {"day medians": [0.0015, -0.227, -0.412, -0.223, -0.2455, -0.2125, -0.3325, -0.424, -0.436, -0.502, -0.521, -0.6425000000000001, -0.312, -0.425, -0.6685000000000001, -0.501, -0.4335, -0.509, -0.311, -0.4415, -0.07, -0.3265, -0.2665, -0.4775, -0.395, -0.0445, -0.1525, -0.1765, -0.431, -0.1805, 0.007, -0.5565, -0.11599999999999999, -0.163, -0.288, -0.2655, -0.053500000000000006, -0.3585, -0.1525, -0.435, -0.281, -0.3415, -0.321, -0.0765, -0.3095, -0.1105, -0.10250000000000001, -0.027, -0.2295, -0.2295, -0.2675, -0.328], "night medians": [0.0765, -0.09, -0.0495, -0.1395, -0.0575, 0.0665, 0.04, 0.07050000000000001, 0.007, 0.1555, 0.1565, 0.2, 0.245, 0.23, 0.11, 0.389, 0.5055000000000001, 0.2375, 0.47, 0.435, 0.502, 0.394, 0.4335, 0.4505, 0.46, 0.557, 0.4775, 0.441, 0.381, 0.5315000000000001, 0.4875, 0.4315, 0.552, 0.4105, 0.515, 0.402, 0.5195000000000001, 0.22, 0.3405, 0.14250000000000002, 0.2605, 0.1355, -0.0075, 0.21, 0.065, 0.041999999999999996, 0.056, 0.0455, 0.001, -0.154, -0.1455, -0.126]}}, ".\\rc_9_excluding_temp_3.json": {"day values": {"median": -0.277, "q1": -0.462, "q3": -0.081}, "energy values": {"median": -32569.999, "q1": -54239.081999999995, "q3": -9554.1735}, "night values": {"median": 0.245, "q1": 0.045, "q3": 0.451}, "weekly values": {"day medians": [0.0205, -0.2045, -0.396, -0.212, -0.2565, -0.202, -0.3315, -0.409, -0.422, -0.483, -0.504, -0.6214999999999999, -0.3055, -0.4095, -0.656, -0.4745, -0.4165, -0.498, -0.298, -0.4215, -0.0495, -0.3165, -0.25, -0.463, -0.3815, -0.03, -0.137, -0.155, -0.4115, -0.1735, 0.0325, -0.54, -0.108, -0.146, -0.272, -0.254, -0.037000000000000005, -0.3425, -0.14350000000000002, -0.4185, -0.2645, -0.324, -0.3095, -0.062, -0.2985, -0.0965, -0.0895, -0.016, -0.1675, -0.2145, -0.27549999999999997, -0.312], "night medians": [0.058499999999999996, -0.053, -0.029500000000000002, -0.151, -0.051000000000000004, 0.062, 0.039, 0.079, 0.0185, 0.16899999999999998, 0.16799999999999998, 0.213, 0.2595, 0.24, 0.122, 0.4005, 0.514, 0.249, 0.4825, 0.4465, 0.513, 0.4045, 0.4465, 0.458, 0.46950000000000003, 0.5694999999999999, 0.4875, 0.449, 0.391, 0.5435000000000001, 0.4985, 0.443, 0.5654999999999999, 0.4215, 0.526, 0.4135, 0.5345, 0.226, 0.3515, 0.1565, 0.273, 0.1465, 0.0035, 0.225, 0.0795, 0.056999999999999995, 0.068, 0.059, 0.018, -0.14200000000000002, -0.1385, -0.1155]}}}