{".\\rc_9_including_shading_0.8.json": {"day values": {"median": -0.65, "q1": -0.976, "q3": -0.298}, "energy values": {"median": -39412.753, "q1": -60977.02025, "q3": -20852.157499999998}, "night values": {"median": 0.471, "q1": 0.216, "q3": 0.714}, "weekly values": {"day medians": [0.05, -0.1575, -0.351, -0.20350000000000001, -0.2845, -0.394, -0.3565, -0.521, -0.583, -0.856, -0.7555000000000001, -0.9775, -0.8365, -0.793, -1.1230000000000002, -1.088, -0.817, -1.0430000000000001, -0.9195, -1.0775000000000001, -0.8285, -0.993, -1.104, -1.2425000000000002, -1.2415, -0.9265000000000001, -1.037, -0.9504999999999999, -1.0745, -0.713, -0.763, -1.1150000000000002, -0.7104999999999999, -0.7535000000000001, -0.8385, -0.791, -0.536, -0.7404999999999999, -0.615, -0.8135, -0.546, -0.572, -0.507, -0.285, -0.411, -0.176, -0.1685, -0.056, -0.118, -0.052500000000000005, -0.2725, -0.2895], "night medians": [0.359, 0.148, 0.2415, 0.0515, 0.1545, 0.2125, 0.275, 0.3045, 0.24, 0.332, 0.4525, 0.445, 0.494, 0.486, 0.341, 0.576, 0.757, 0.449, 0.6415, 0.7335, 0.8254999999999999, 0.8414999999999999, 0.793, 0.8835, 0.958, 0.9315, 0.8115000000000001, 0.8625, 0.7135, 0.7384999999999999, 0.6405000000000001, 0.7115, 0.6924999999999999, 0.5674999999999999, 0.588, 0.502, 0.6595, 0.3475, 0.607, 0.2475, 0.4085, 0.192, 0.107, 0.298, 0.1835, 0.1365, 0.2275, 0.175, 0.251, 0.23299999999999998, 0.0345, 0.048]}}, ".\\rc_9_including_shading_0.9.json": {"day values": {"median": -0.65, "q1": -0.976, "q3": -0.298}, "energy values": {"median": -39412.753, "q1": -60977.02025, "q3": -20852.157499999998}, "night values": {"median": 0.471, "q1": 0.216, "q3": 0.714}, "weekly values": {"day medians": [0.05, -0.1575, -0.351, -0.20350000000000001, -0.2845, -0.394, -0.3565, -0.521, -0.583, -0.856, -0.7555000000000001, -0.9775, -0.8365, -0.793, -1.1230000000000002, -1.088, -0.817, -1.0430000000000001, -0.9195, -1.0775000000000001, -0.8285, -0.993, -1.104, -1.2425000000000002, -1.2415, -0.9265000000000001, -1.037, -0.9504999999999999, -1.0745, -0.713, -0.763, -1.1150000000000002, -0.7104999999999999, -0.7535000000000001, -0.8385, -0.791, -0.536, -0.7404999999999999, -0.615, -0.8135, -0.546, -0.572, -0.507, -0.285, -0.411, -0.176, -0.1685, -0.056, -0.118, -0.052500000000000005, -0.2725, -0.2895], "night medians": [0.359, 0.148, 0.2415, 0.0515, 0.1545, 0.2125, 0.275, 0.3045, 0.24, 0.332, 0.4525, 0.445, 0.494, 0.486, 0.341, 0.576, 0.757, 0.449, 0.6415, 0.7335, 0.8254999999999999, 0.8414999999999999, 0.793, 0.8835, 0.958, 0.9315, 0.8115000000000001, 0.8625, 0.7135, 0.7384999999999999, 0.6405000000000001, 0.7115, 0.6924999999999999, 0.5674999999999999, 0.588, 0.502, 0.6595, 0.3475, 0.607, 0.2475, 0.4085, 0.192, 0.107, 0.298, 0.1835, 0.1365, 0.2275, 0.175, 0.251, 0.23299999999999998, 0.0345, 0.048]}}, ".\\rc_9_including_shading_1.1.json": {"day values": {"median": -0.65, "q1": -0.976, "q3": -0.29}, "energy values": {"median": -39455.484, "q1": -60993.31875, "q3": -20916.207}, "night values": {"median": 0.47, "q1": 0.215, "q3": 0.714}, "weekly values": {"day medians": [0.05, -0.1575, -0.3515, -0.194, -0.253, -0.392, -0.3575, -0.522, -0.585, -0.858, -0.762, -0.98, -0.8385, -0.794, -1.1269999999999998, -1.0915, -0.818, -1.0430000000000001, -0.9195, -1.0775000000000001, -0.829, -0.993, -1.104, -1.2425000000000002, -1.2415, -0.927, -1.0375, -0.9504999999999999, -1.0745, -0.713, -0.763, -1.1150000000000002, -0.7104999999999999, -0.7545, -0.8414999999999999, -0.795, -0.5405, -0.744, -0.6174999999999999, -0.815, -0.548, -0.5734999999999999, -0.4985, -0.2875, -0.412, -0.1655, -0.17099999999999999, -0.056, -0.118, -0.052500000000000005, -0.2725, -0.2895], "night medians": [0.359, 0.148, 0.2415, 0.051, 0.153, 0.212, 0.274, 0.303, 0.2405, 0.3305, 0.452, 0.4445, 0.4935, 0.485, 0.34, 0.574, 0.7565, 0.449, 0.6415, 0.7335, 0.8254999999999999, 0.8405, 0.793, 0.8835, 0.958, 0.9315, 0.8115000000000001, 0.8625, 0.7135, 0.738, 0.6405000000000001, 0.7115, 0.6924999999999999, 0.5674999999999999, 0.587, 0.5, 0.6575, 0.3465, 0.6054999999999999, 0.246, 0.4075, 0.1905, 0.106, 0.2965, 0.181, 0.1335, 0.225, 0.1745, 0.251, 0.23299999999999998, 0.0345, 0.048]}}, ".\\rc_9_including_shading_1.2.json": {"day values": {"median": -0.6375, "q1": -0.981, "q3": -0.26775000000000004}, "energy values": {"median": -39572.8785, "q1": -60978.41875, "q3": -20842.625}, "night values": {"median": 0.467, "q1": 0.209, "q3": 0.712}, "weekly values": {"day medians": [0.05, -0.1575, -0.3515, -0.1945, -0.244, -0.3375, -0.3155, -0.481, -0.562, -0.859, -0.792, -0.9855, -0.8425, -0.797, -1.142, -1.0945, -0.8334999999999999, -1.0445, -0.921, -1.078, -0.829, -0.993, -1.104, -1.2425000000000002, -1.2415, -0.927, -1.0375, -0.9504999999999999, -1.0745, -0.713, -0.764, -1.1155, -0.7164999999999999, -0.761, -0.8534999999999999, -0.8075000000000001, -0.5155000000000001, -0.748, -0.6234999999999999, -0.7835000000000001, -0.5365, -0.533, -0.46, -0.279, -0.4055, -0.159, -0.1735, -0.056, -0.118, -0.052500000000000005, -0.2725, -0.2895], "night medians": [0.359, 0.148, 0.2415, 0.051, 0.152, 0.21, 0.2655, 0.298, 0.236, 0.3265, 0.4465, 0.443, 0.4935, 0.4835, 0.3355, 0.5685, 0.7495, 0.448, 0.6405000000000001, 0.7335, 0.825, 0.8405, 0.793, 0.8835, 0.958, 0.9315, 0.8115000000000001, 0.8625, 0.7135, 0.738, 0.6405000000000001, 0.7115, 0.6924999999999999, 0.5615000000000001, 0.5785, 0.4935, 0.6495, 0.341, 0.5985, 0.2425, 0.402, 0.185, 0.099, 0.2885, 0.1725, 0.13, 0.222, 0.1745, 0.251, 0.23249999999999998, 0.0345, 0.048]}}, ".\\rc_9_including_shading_1.json": {"day values": {"median": -0.65, "q1": -0.976, "q3": -0.298}, "energy values": {"median": -39412.753, "q1": -60977.02025, "q3": -20852.157499999998}, "night values": {"median": 0.471, "q1": 0.216, "q3": 0.714}, "weekly values": {"day medians": [0.05, -0.1575, -0.351, -0.20350000000000001, -0.2845, -0.394, -0.3565, -0.521, -0.583, -0.856, -0.7555000000000001, -0.9775, -0.8365, -0.793, -1.1230000000000002, -1.088, -0.817, -1.0430000000000001, -0.9195, -1.0775000000000001, -0.8285, -0.993, -1.104, -1.2425000000000002, -1.2415, -0.9265000000000001, -1.037, -0.9504999999999999, -1.0745, -0.713, -0.763, -1.1150000000000002, -0.7104999999999999, -0.7535000000000001, -0.8385, -0.791, -0.536, -0.7404999999999999, -0.615, -0.8135, -0.546, -0.572, -0.507, -0.285, -0.411, -0.176, -0.1685, -0.056, -0.118, -0.052500000000000005, -0.2725, -0.2895], "night medians": [0.359, 0.148, 0.2415, 0.0515, 0.1545, 0.2125, 0.275, 0.3045, 0.24, 0.332, 0.4525, 0.445, 0.494, 0.486, 0.341, 0.576, 0.757, 0.449, 0.6415, 0.7335, 0.8254999999999999, 0.8414999999999999, 0.793, 0.8835, 0.958, 0.9315, 0.8115000000000001, 0.8625, 0.7135, 0.7384999999999999, 0.6405000000000001, 0.7115, 0.6924999999999999, 0.5674999999999999, 0.588, 0.502, 0.6595, 0.3475, 0.607, 0.2475, 0.4085, 0.192, 0.107, 0.298, 0.1835, 0.1365, 0.2275, 0.175, 0.251, 0.23299999999999998, 0.0345, 0.048]}}}